 {
    "AUD": {
        "coins": [
            {"0.05": "silver"},
            {"0.10": "silver"},
            {"0.20": "silver"},
            {"0.50": "silver"},
            {"1.00": "gold"},
            {"2.00": "gold"}
        ],
        "fraction": "cent",
        "fractionSymbol": "¢",
        "fractionSymbolAfter": true,
        "name": "Australian Dollar",
        "notes": [
            {"5":   "purple"},
            {"10":  "blue"},
            {"20":  "red"},
            {"50":  "yellow"},
            {"100": "green"}
        ],
        "pluralName": "AU Dollars",
        "range": [1, 100],
        "whole": "dollar",
        "wholeSymbol": "$",
        "wholeSymbolAfter": false
    },
    "BRL": {
        "coins": [
            {"0.05": "copper"},
            {"0.10": "copper"},
            {"0.25": "copper"},
            {"0.50": "silver"},
            {"1.00": "gold-silver"}
        ],
        "fraction": "centavo",
        "fractionSymbol": "¢",
        "fractionSymbolAfter": true,
        "name": "Brazilian Real",
        "notes": [
            {"2":   "blue"},
            {"5":   "purple"},
            {"10":  "red"},
            {"20":  "yellow"},
            {"50":  "brown"},
            {"100": "teal"}
        ],
        "pluralName": "Reais",
        "range": [1, 100],
        "whole": "real",
        "wholeSymbol": "R$",
        "wholeSymbolAfter": false
    },
    "CAD": {
        "coins": [
            {"0.05": "silver"},
            {"0.10": "silver"},
            {"0.25": "silver"},
            {"1.00": "gold"},
            {"2.00": "silver-gold"}
        ],
        "fraction": "cent",
        "fractionSymbol": "¢",
        "fractionSymbolAfter": true,
        "name": "Canadian Dollar",
        "notes": [
            {"5":   "blue"},
            {"10":  "purple"},
            {"20":  "green"},
            {"50":  "red"},
            {"100": "brown"}
        ],
        "pluralName": "CA Dollars",
        "range": [1, 100],
        "whole": "dollar",
        "wholeSymbol": "$",
        "wholeSymbolAfter": false
    },
    "CHF": {
        "coins": [
            {"0.05": "gold"},
            {"0.10": "silver"},
            {"0.20": "silver"},
            {"0.50": "silver"},
            {"1.00": "silver"},
            {"2.00": "silver"},
            {"5.00": "silver"}
        ],
        "fraction": "centime",
        "fractionSymbol": "¢",
        "fractionSymbolAfter": true,
        "name": "Swiss Franc",
        "notes": [
            {"10":   "yellow"},
            {"20":   "red"},
            {"50":   "green"},
            {"100":  "blue"},
            {"200":  "brown"},
            {"1000": "purple"}
        ],
        "pluralName": "Swiss Francs",
        "range": [1, 1000],
        "whole": "franc",
        "wholeSymbol": "Fr.",
        "wholeSymbolAfter": false
    },
    "CNY": {
        "coins": [
            {"0.10": "silver"},
            {"0.50": "gold"},
            {"1.00": "silver"}
        ],
        "fraction": "jiǎo",
        "fractionSymbol": "角",
        "fractionSymbolAfter": true,
        "name": "Chinese Yuan",
        "notes": [
            {"1":    "brown"},
            {"2":    "green"},
            {"5":    "brown"},
            {"10":   "silver"},
            {"20":   "yellow"},
            {"50":   "teal"},
            {"100":  "red"}
        ],
        "pluralName": "Yuan",
        "range": [1, 100],
        "whole": "yuán",
        "wholeSymbol": "¥",
        "wholeSymbolAfter": false
    },
    "EUR": {
        "coins": [
            {"0.01": "copper"},
            {"0.02": "copper"},
            {"0.05": "copper"},
            {"0.10": "gold"},
            {"0.20": "gold"},
            {"0.50": "gold"},
            {"1.00": "gold-silver"},
            {"2.00": "silver-gold"}
        ],
        "fraction": "cent",
        "fractionSymbol": "c",
        "fractionSymbolAfter": true,
        "name": "Euro",
        "notes": [
            {"5":   "teal"},
            {"10":  "red"},
            {"20":  "blue"},
            {"50":  "orange"},
            {"100": "green"},
            {"200": "yellow"},
            {"500": "purple"}
        ],
        "pluralName": "Euros",
        "range": [1, 500],
        "whole": "euro",
        "wholeSymbol": "€",
        "wholeSymbolAfter": false
    },
    "GBP": {
        "coins": [
            {"0.01": "copper"},
            {"0.02": "copper"},
            {"0.05": "silver"},
            {"0.10": "silver"},
            {"0.20": "silver"},
            {"0.50": "silver"},
            {"1.00": "gold-silver"},
            {"2.00": "silver-gold"}
        ],
        "fraction": "pence",
        "fractionSymbol": "p",
        "fractionSymbolAfter": true,
        "name": "British Pound",
        "notes": [
            {"5":   "teal"},
            {"10":  "gold"},
            {"20":  "purple"},
            {"50":  "red"}
        ],
        "pluralName": "British Pounds",
        "range": [0.50, 50],
        "whole": "pound",
        "wholeSymbol": "£",
        "wholeSymbolAfter": false
    },
    "ILS": {
        "coins": [
            {"0.01": "copper"},
            {"0.05": "copper"},
            {"0.10": "copper"},
            {"0.50": "copper"},
            {"1":    "silver"},
            {"2":    "silver"},
            {"5":    "silver"},
            {"10":   "silver-gold"}
        ],
        "fraction": "agorot",
        "fractionSymbol": "agorot",
        "fractionSymbolAfter": true,
        "fraction": "agorot",
        "name": "Israeli Shekel",
        "notes": [
            {"20":  "green"},
            {"50":  "purple"},
            {"100": "brown"},
            {"200": "red"}
        ],
        "pluralName": "Shekalim",
        "range": [1, 200],
        "whole": "shekel",
        "wholeSymbol": "₪",
        "wholeSymbolAfter": false
    },
    "INR": {
        "coins": [
            {"0.10": "silver"},
            {"0.25": "silver"},
            {"0.50": "silver"},
            {"1":    "silver"},
            {"2":    "silver"},
            {"5":    "silver"}
        ],
        "fraction": "paisa",
        "fractionSymbol": "p",
        "fractionSymbolAfter": true,
        "name": "Indian Rupee",
        "notes": [
            {"5":   "green"},
            {"10":   "orange"},
            {"20":   "red"},
            {"50":  "purple"},
            {"100":  "teal"},
            {"500":  "yellow"},
            {"1000":  "red"}
        ],
        "pluralName": "Indian Rupees",
        "range": [1, 1000],
        "whole": "rupee",
        "wholeSymbol": "₹",
        "wholeSymbolAfter": false
    },
    "JPY": {
        "coins": [
            {"1":   "silver"},
            {"5":   "gold"},
            {"10":  "copper"},
            {"50":  "silver"},
            {"100": "silver"},
            {"500": "silver"}
        ],
        "fraction": null,
        "fractionSymbol": null,
        "fractionSymbolAfter": null,
        "name": "Japanese Yen",
        "notes": [
            {"1000":   "yellow"},
            {"2000":   "yellow"},
            {"5000":   "yellow"},
            {"10000":  "yellow"}
        ],
        "pluralName": "Yen",
        "range": [10, 10000],
        "whole": "yen",
        "wholeSymbol": "¥",
        "wholeSymbolAfter": false
    },
    "MXN": {
        "coins": [
            {"0.25":  "copper"},
            {"0.50":  "copper"},
            {"1.00":  "silver-gold"},
            {"2.00":  "silver-gold"},
            {"5.00":  "silver-gold"},
            {"10.00": "gold-silver"}
        ],
        "fraction": "centavo",
        "fractionSymbol": "¢",
        "fractionSymbolAfter": true,
        "name": "Mexican Peso",
        "notes": [
            {"20":   "blue"},
            {"50":   "red"},
            {"100":  "yellow"},
            {"200":  "green"},
            {"500":  "brown"},
            {"1000": "purple"}
        ],
        "pluralName": "Mexican Pesos",
        "range": [1, 1000],
        "whole": "peso",
        "wholeSymbol": "$",
        "wholeSymbolAfter": false
    },
    "PLN": {
        "coins": [
            {"0.01": "copper"},
            {"0.02": "copper"},
            {"0.05": "copper"},
            {"0.10": "silver"},
            {"0.20": "silver"},
            {"0.50": "silver"},
            {"1.00": "silver"},
            {"2.00": "gold-silver"},
            {"5.00": "silver-gold"}
        ],
        "fraction": "groszy",
        "fractionSymbol": " gr",
        "fractionSymbolAfter": true,
        "name": "Polish Złoty",
        "notes": [
            {"10":   "brown"},
            {"20":   "purple"},
            {"50":   "blue"},
            {"100":  "green"},
            {"200":  "brown"}
        ],
        "pluralName": "Złotys",
        "range": [1, 200],
        "whole": "złoty",
        "wholeSymbol": " zł",
        "wholeSymbolAfter": true
    },
    "THB": {
        "coins": [
            {"0.10":  "silver"},
            {"0.25":  "copper"},
            {"0.50":  "copper"},
            {"1.00":  "silver"},
            {"2.00":  "gold"},
            {"5.00":  "silver"},
            {"10.00": "silver-gold"}
        ],
        "fraction": "satang",
        "fractionSymbol": " satang",
        "fractionSymbolAfter": true,
        "name": "Thai Baht",
        "notes": [
            {"20":   "green"},
            {"50":   "blue"},
            {"100":  "red"},
            {"500":  "purple"},
            {"1000": "brown"}
        ],
        "pluralName": "Baht",
        "range": [20, 1000],
        "whole": "baht",
        "wholeSymbol": "฿",
        "wholeSymbolAfter": false
    },
    "USD": {
        "coins": [
            {"0.01": "copper"},
            {"0.05": "silver"},
            {"0.10": "silver"},
            {"0.25": "silver"}
        ],
        "fraction": "cent",
        "fractionSymbol": "¢",
        "fractionSymbolAfter": true,
        "name": "US Dollar",
        "notes": [
            {"1":   "green"},
            {"2":   "green"},
            {"5":   "green"},
            {"10":  "green"},
            {"20":  "green"},
            {"50":  "green"},
            {"100": "green"}
        ],
        "pluralName": "US Dollars",
        "range": [1, 100],
        "whole": "dollar",
        "wholeSymbol": "$",
        "wholeSymbolAfter": false
    },
    "ZAR": {
        "coins": [
            {"0.10": "gold"},
            {"0.20": "gold"},
            {"0.50": "gold"},
            {"1.00": "silver"},
            {"2.00": "silver"},
            {"5.00": "silver-gold"}
        ],
        "fraction": "cent",
        "fractionSymbol": "c",
        "fractionSymbolAfter": true,
        "name": "South African Rand",
        "notes": [
            {"10":  "teal"},
            {"20":  "yellow"},
            {"50":  "purple"},
            {"100": "blue"},
            {"200": "brown"}
        ],
        "pluralName": "Rand",
        "range": [1, 200],
        "whole": "rand",
        "wholeSymbol": "R ",
        "wholeSymbolAfter": false
    }
}
